{"cameraMode":{"drawMode":2,"name":"Shaded Wireframe","section":"Shading Mode"},"sceneLighting":true,"audioPlay":false,"sceneViewState":{"m_AlwaysRefresh":false,"showFog":true,"showSkybox":true,"showFlares":true,"showImageEffects":true,"showParticleSystems":true,"showVisualEffectGraphs":true,"m_FxEnabled":true},"in2DMode":false,"pivot":{"x":4.25672721862793,"y":0.5152607560157776,"z":-12.884980201721192},"rotation":{"x":0.00009873852104647085,"y":0.999903678894043,"z":0.01349911279976368,"w":-0.007183216046541929},"size":0.30336037278175356,"orthographic":false}