{"cameraMode":{"drawMode":0,"name":"Shaded","section":"Shading Mode"},"sceneLighting":true,"audioPlay":false,"sceneViewState":{"m_AlwaysRefresh":false,"showFog":true,"showSkybox":true,"showFlares":true,"showImageEffects":true,"showParticleSystems":true,"showVisualEffectGraphs":true,"m_FxEnabled":true},"in2DMode":false,"pivot":{"x":11.823238372802735,"y":0.5893936157226563,"z":-4.9310503005981449},"rotation":{"x":-0.35508182644844057,"y":-0.0019568931311368944,"z":0.0007415982545353472,"w":-0.9348400831222534},"size":4.430139064788818,"orthographic":false}